order_id,user_id,product_id,quantity,order_date,order_status
1,1,1,1,2024-07-01,已完成
2,1,4,2,2024-07-03,已完成
3,1,6,3,2024-07-15,已完成
4,2,2,1,2024-07-05,已完成
5,2,13,1,2024-07-20,已完成
6,3,1,1,2024-07-08,已取消
7,3,9,1,2024-07-22,已完成
8,4,3,1,2024-07-10,已完成
9,4,4,1,2024-07-11,已完成
10,4,5,2,2024-07-28,已完成
11,5,10,1,2024-07-12,已完成
12,5,11,1,2024-07-12,已完成
13,5,12,2,2024-07-30,已完成
14,6,7,1,2024-07-14,退款
15,6,15,2,2024-07-25,已完成
16,7,6,5,2024-07-16,已完成
17,7,12,3,2024-07-18,已完成
18,8,14,1,2024-07-19,已完成
19,8,4,1,2024-07-21,已完成
20,9,2,1,2024-07-23,已完成
21,9,5,1,2024-07-24,已完成
22,10,8,1,2024-07-26,已完成
23,10,13,1,2024-07-27,已取消
24,11,10,1,2024-07-29,已完成
25,12,3,2,2024-07-31,已完成
26,1,1,1,2024-08-02,已完成
27,2,7,1,2024-08-03,已完成
28,3,14,1,2024-08-05,已完成
29,4,6,4,2024-08-06,已完成
30,5,9,1,2024-08-08,退款
31,6,2,1,2024-08-09,已完成
32,7,11,2,2024-08-10,已完成
33,8,1,1,2024-08-12,已完成
34,9,15,3,2024-08-14,已完成
35,10,3,1,2024-08-15,已完成
36,11,12,5,2024-08-17,已完成
37,12,4,2,2024-08-18,已完成
38,13,1,1,2024-08-20,已完成
39,13,10,1,2024-08-22,已完成
40,14,7,1,2024-08-24,已取消
41,15,2,1,2024-08-26,已完成
42,16,5,3,2024-08-28,已完成
43,17,13,1,2024-08-29,已完成
44,18,3,1,2024-08-30,已完成
45,19,9,1,2024-08-31,已完成
46,1,6,2,2024-09-01,已完成
47,2,14,1,2024-09-03,已完成
48,4,1,1,2024-09-05,已完成
49,5,10,1,2024-09-07,已完成
50,7,4,3,2024-09-09,已完成
51,8,2,1,2024-09-11,退款
52,10,9,1,2024-09-13,已完成
53,12,11,2,2024-09-15,已完成
54,13,14,1,2024-09-17,已完成
55,15,8,1,2024-09-19,已完成
56,16,6,5,2024-09-21,已完成
57,17,3,1,2024-09-23,已完成
58,18,15,2,2024-09-25,已完成
59,19,1,1,2024-09-27,已完成
60,20,2,1,2024-09-29,已完成
